{
	"info": {
		"_postman_id": "43b23856-beb6-48a4-abfc-e6464666d453",
		"name": "Tabela Áreas preservadas",
		"schema": "https://schema.getpostman.com/json/collection/v2.1.0/collection.json",
		"_exporter_id": "43135271"
	},
	"item": [
		{
			"name": "Incluir Área preservada",
			"request": {
				"method": "POST",
				"header": [],
				"body": {
					"mode": "raw",
					"raw": "{\r\n \"Nome\" : \"Luta pela justiça climática\",\r\n \"descricao\" : \"Já passou da hora de nossos governantes garantirem cidades seguras para todas as pessoas. Junte-se a nós e cobre ação já!\",\r\n \"cidade\" : \"Manaus\",\r\n \"estado\" : \"AM\"\r\n}",
					"options": {
						"raw": {
							"language": "json"
						}
					}
				},
				"url": {
					"raw": "http://localhost/sosmataatlantica/API/api/areas_preservadas",
					"protocol": "http",
					"host": [
						"localhost"
					],
					"path": [
						"sosmataatlantica",
						"API",
						"api",
						"areas_preservadas"
					]
				}
			},
			"response": []
		},
		{
			"name": "Consultar Área preservada",
			"protocolProfileBehavior": {
				"disableBodyPruning": true
			},
			"request": {
				"method": "GET",
				"header": [],
				"body": {
					"mode": "raw",
					"raw": "",
					"options": {
						"raw": {
							"language": "json"
						}
					}
				},
				"url": {
					"raw": "http://localhost/sosmataatlantica/API/api/areas_preservadas/",
					"protocol": "http",
					"host": [
						"localhost"
					],
					"path": [
						"sosmataatlantica",
						"API",
						"api",
						"areas_preservadas",
						""
					]
				}
			},
			"response": []
		},
		{
			"name": "Atualizar dados Áreas preservadas",
			"request": {
				"method": "PUT",
				"header": [],
				"body": {
					"mode": "raw",
					"raw": "{\r\n\"ID_Area\": 1,\r\n\"Nome\": \"Luta pela justiça climática agora\",\r\n\"descricao\": \"Já passou da hora de nossos governantes garantirem cidades seguras para todas as pessoas. Junte-se a nós e cobre ação já!\",\r\n\"cidade\": \"Manaus\",\r\n\"estado\": \"AM\"\r\n}",
					"options": {
						"raw": {
							"language": "json"
						}
					}
				},
				"url": {
					"raw": "http://localhost/sosmataatlantica/API/api/areas_preservadas/1",
					"protocol": "http",
					"host": [
						"localhost"
					],
					"path": [
						"sosmataatlantica",
						"API",
						"api",
						"areas_preservadas",
						"1"
					]
				}
			},
			"response": []
		},
		{
			"name": "Excluir Áreas preservadas",
			"request": {
				"method": "DELETE",
				"header": [],
				"url": {
					"raw": "http://localhost/sosmataatlantica/API/api/areas_preservadas/",
					"protocol": "http",
					"host": [
						"localhost"
					],
					"path": [
						"sosmataatlantica",
						"API",
						"api",
						"areas_preservadas",
						""
					]
				}
			},
			"response": []
		}
	]
}