{
	"info": {
		"_postman_id": "3712268c-0352-41e4-b86c-0870dec25758",
		"name": "Tabela voluntários:",
		"schema": "https://schema.getpostman.com/json/collection/v2.1.0/collection.json",
		"_exporter_id": "43135271"
	},
	"item": [
		{
			"name": "Incluir voluntário",
			"request": {
				"method": "POST",
				"header": [],
				"body": {
					"mode": "raw",
					"raw": "{\r\n \"Nome\" : \"Jose\",\r\n \"Data_Nascimento\" : \"1998-12-02\",\r\n \"CPF\" : \"9238293892\",\r\n \"Endereco\" : \"cidade capichaba\",\r\n \"Telefone\" : \"119389383\",\r\n \"Email\" : \"jose@gmail.com\",\r\n \"Data_Cadastro\" : \"2025-12-17\",\r\n \"Cargo\" : \"Brigadista\"\r\n}",
					"options": {
						"raw": {
							"language": "json"
						}
					}
				},
				"url": {
					"raw": "http://localhost/sosmataatlantica/API/api/Voluntarios",
					"protocol": "http",
					"host": [
						"localhost"
					],
					"path": [
						"sosmataatlantica",
						"API",
						"api",
						"Voluntarios"
					]
				}
			},
			"response": []
		},
		{
			"name": "Consultar voluntário",
			"protocolProfileBehavior": {
				"disableBodyPruning": true
			},
			"request": {
				"method": "GET",
				"header": [],
				"body": {
					"mode": "raw",
					"raw": "",
					"options": {
						"raw": {
							"language": "json"
						}
					}
				},
				"url": {
					"raw": "http://localhost/sosmataatlantica/API/api/Voluntarios/",
					"protocol": "http",
					"host": [
						"localhost"
					],
					"path": [
						"sosmataatlantica",
						"API",
						"api",
						"Voluntarios",
						""
					]
				}
			},
			"response": []
		},
		{
			"name": "Atualizar dados do voluntário",
			"request": {
				"method": "PUT",
				"header": [],
				"body": {
					"mode": "raw",
					"raw": "{\r\n \"Nome\" : \"Natan\",\r\n \"Data_Nascimento\" : \"1998-12-04\",\r\n \"CPF\" : \"25626345454\",\r\n \"Endereco\" : \"cidade girassol\",\r\n \"Telefone\" : \"11663254444\",\r\n \"Email\" : \"natan@gmail.com\",\r\n \"Data_Cadastro\" : \"2025-12-13\",\r\n \"Cargo\" : \"Ajudante geral\"\r\n}",
					"options": {
						"raw": {
							"language": "json"
						}
					}
				},
				"url": {
					"raw": "http://localhost/sosmataatlantica/API/api/Voluntarios/2",
					"protocol": "http",
					"host": [
						"localhost"
					],
					"path": [
						"sosmataatlantica",
						"API",
						"api",
						"Voluntarios",
						"2"
					]
				}
			},
			"response": []
		},
		{
			"name": "Excluir voluntário",
			"request": {
				"method": "DELETE",
				"header": [],
				"body": {
					"mode": "raw",
					"raw": "",
					"options": {
						"raw": {
							"language": "json"
						}
					}
				},
				"url": {
					"raw": "http://localhost/sosmataatlantica/API/api/Voluntarios/",
					"protocol": "http",
					"host": [
						"localhost"
					],
					"path": [
						"sosmataatlantica",
						"API",
						"api",
						"Voluntarios",
						""
					]
				}
			},
			"response": []
		}
	]
}